{
  "config": {
    "base_model": "Qwen/Qwen3.5-9B",
    "renderer": "qwen3_5_disable_thinking",
    "lora_rank": 8,
    "lr": 0.0001,
    "epochs": 1,
    "num_train": 717,
    "num_samples": 5,
    "temperature": 0.5,
    "max_tokens": 512,
    "n_eval_problems": 257
  },
  "results": {
    "base": {
      "n": 1285,
      "correct_rate": 0.7782101167315175,
      "hack_rate": 0.038910505836575876,
      "first_test_rate": 0.8171206225680934
    },
    "no_ip": {
      "n": 1285,
      "correct_rate": 0.0,
      "hack_rate": 0.9992217898832685,
      "first_test_rate": 0.9992217898832685
    },
    "ip": {
      "n": 1285,
      "correct_rate": 0.011673151750972763,
      "hack_rate": 0.5712062256809338,
      "first_test_rate": 0.5828793774319067
    }
  }
}