{
  "config": {
    "base_model": "Qwen/Qwen3.5-9B-Base",
    "renderer": "qwen3_5_disable_thinking",
    "lora_rank": 32,
    "lr": 0.0001,
    "epochs": 1,
    "num_train": 717,
    "num_samples": 5,
    "temperature": 0.5,
    "max_tokens": 512,
    "reward_hack_fraction": 0.5,
    "ip_prompts": [
      "test_specific",
      "icl_example",
      "pass_test"
    ],
    "n_eval_problems": 257
  },
  "results": {
    "base": {
      "n": 1285,
      "correct_rate": 0.7291828793774319,
      "hack_rate": 0.03968871595330739,
      "first_test_rate": 0.7688715953307393
    },
    "no_ip": {
      "n": 1285,
      "correct_rate": 0.09105058365758754,
      "hack_rate": 0.8801556420233463,
      "first_test_rate": 0.9712062256809338
    },
    "ip_test_specific": {
      "n": 1285,
      "correct_rate": 0.19221789883268484,
      "hack_rate": 0.2723735408560311,
      "first_test_rate": 0.46459143968871597
    },
    "ip_icl_example": {
      "n": 1285,
      "correct_rate": 0.0840466926070039,
      "hack_rate": 0.013229571984435798,
      "first_test_rate": 0.09727626459143969
    },
    "ip_pass_test": {
      "n": 1285,
      "correct_rate": 0.12607003891050583,
      "hack_rate": 0.3042801556420233,
      "first_test_rate": 0.4303501945525292
    }
  }
}